,,,,,,,Tuesday,,Wednesday,,Thursday,,Friday,,Saturday,,Sunday,,Monday,,Tuesday,,Wednesday,,Thursday,,Friday,,Saturday,,Sunday,,Monday,,Tuesday,,Wednesday,,Thursday,,Friday,,Saturday,,Sunday,,Monday,,Tuesday,,Wednesday,,,,,
,,,,,,,,,,,,,,,,,,,,,,,,,,,,,,,,,,,,,,,,,,,,,,,,,,,,,,,,,,,,,,,,,,,,,,
Student Name,Stud ID,MKCA Rating,Level,Batch,Planned Classes,Actual Classes,1-Sep,,2-Sep,,3-Sep,,4-Sep,,5-Sep,,6-Sep,,7-Sep,,8-Sep,,9-Sep,,10-Sep,,11-Sep,,12-Sep,,13-Sep,,14-Sep,,15-Sep,,16-Sep,,17-Sep,,18-Sep,,19-Sep,,20-Sep,,21-Sep,,22-Sep,,23-Sep,,24-Sep,,25-Sep,,26-Sep,,27-Sep,,28-Sep,,29-Sep,,30-Sep,,Comments,,,
A R Thatchiraa Shree,MKS00172,2.8,Beginner,G beginner1s,12,,,,,,,,7:00 PM,Prakash,8:00 PM,Bathri,11:00 AM,Prakash,,,,,,,,,7:00 PM,Prakash,,Bathri,11:00 AM,Guru,,,8:00 PM,Bathri,,,,,7:00 PM,Prakash,8:00 PM,Bathri,,,,,,,,,,,7:00 PM,bathri,8:00 PM,Bathri,11:00 AM,Guru,,,,,,,", 8pm only available",,,
Kavinpriyan,MKS00023,4.8,Early Intermediate,G Early Intermediate1,12,,,,,,,,8:00 PM,Dhaanush,,,10:00 AM,Abinaya,8:00 PM,Dhaanush,,,,,,,8:00 PM,Dhaanush,,,10:00 AM,Abinaya,8:00 PM,Dhaanush,,,,,,,8:00 PM,Dhaanush,,,10:00 AM,Dhaanush,8:00 PM,Dhaanush,,,,,,,8:00 PM,Dhaanush,,,10:00 AM,Abinaya,8:00 PM,Dhaanush,,,,,"Available only on tuesday, Thursday & saturday",,,
Vivaan Aaditya,MKS00053,8.0,Intermediate,L Intermediate2,12,,8:00 PM,Dhaanush,6:00 PM,Dhaanush,6:00 PM,Dhaanush,,,,,,,,,6:00 PM,Dhaanush,6:00 PM,Dhaanush,,,,,6:00 PM,Arshath,10:00 AM,Arshath,6:00 PM,Dhaanush,8:00 PM,Dhaanush,,,,,5:30 PM,Arshath,5:00 PM,Arshath,,,6:00 PM,Dhaanush,8:00 PM,Dhaanush,,,,,,,5:00 PM,Arshath,10:00 AM,Arshath,6:00 PM,Dhaanush,,,,,Monday to Thursday Hindi class from 7 to 7.45pm,,,
M VARUNESH PANDI,MKS00166,3.1,Beginner,L Beginner1,,,,,,,8:00 PM,Prakash,,,,,11:00 AM,Prakash,,,8:00 PM,Bathri,,,,,8:00 PM,Guru,,,1:30 PM,,,,,,,,8:00 PM,Prakash,1:30 PM,Hema,8:00 PM,Bathri,,,,,8:00 PM,Prakash,,,,,11:00 AM,Bathri,8:00 PM,Guru,,,,,8:00 PM,Prakash,,,Saturday work till 6,,,
M.kanshika sai,MKS00121,3.0,Beginner,G Beginner1A,,,,,8:00 PM,bathri,,,8:00 PM,bathri,8:00 PM,Guru,11:00 AM,Prakash,8:00 PM,Guru,,,,,8:00 PM,Bathri,8:00 PM,bathri,,Bathri,11:00 AM,Guru,8:00 PM,Guru,8:00 PM,Bathri,,,,,,,8:00 PM,Guru,,,8:00 PM,Guru,,,,,,,,,8:00 PM,Guru,11:00 AM,Guru,8:00 PM,Guru,,,,,Sunday not available,,,
S. YASWANNTH,MKS00039,3.8,Beginner,G Beginner1s,8,,,,,,,,8:00 PM,Bathri,8:00 PM,Guru,,,,,,,,,,,8:00 PM,Bathri,8:00 PM,Guru,,,,,,,,,,,8:00 PM,Bathri,8:00 PM,Guru,,,,,,,,,,,,,8:00 PM,Guru,,,,,,,,,Sunday not available,,,
waseem,MKS00138,4.9,Early Intermediate,G Early Intermediate1,12,,,,,,,,8:00 PM,Dhaanush,,,10:00 AM,Abinaya,8:00 PM,Dhaanush,,,,,,,8:00 PM,Dhaanush,,,10:00 AM,Abinaya,8:00 PM,Dhaanush,,,,,,,8:00 PM,Dhaanush,,,10:00 AM,Dhaanush,8:00 PM,Dhaanush,,,,,,,8:00 PM,Dhaanush,,,10:00 AM,Abinaya,8:00 PM,Dhaanush,,,,,"wed,thur another class",,,
Hitesh prabu,MKS00014,4.7,Early Intermediate,G Intermediate1,12,,,,7:00 PM,Saravanan,,,,,7:00 PM,Saravanan,10:00 AM,Hema,,,,,7:00 PM,Saravanan,6:30 PM,Saravanan,,,7:00 PM,Saravanan,10:00 AM,Hema,,,,,7:00 PM,Saravanan,,,,,7:00 PM,Saravanan,,,,,,,7:00 PM,Saravanan,,,,,7:00 PM,Saravanan,10:00 AM,Hema,,,,,7:00 PM,Saravanan,"weekday 8-9, satu & sunda-ok",,,
M. R. Darshan,MKS00101,3.5,Beginner,G Beginner1,12,,,,,,,,,,6:00 PM,Prakash,11:00 AM,Prakash,6:00 PM,Prakash,,,,,,,,,6:00 PM,Bathri,11:00 AM,Prakash,6:00 PM,Prakash,,,,,,,,,6:00 PM,Prakash,,,6:00 PM,Prakash,,,,,6:00 PM,Prakash,,,6:00 PM,Prakash,11:00 AM,Guru,6:00 PM,Prakash,,,,,,,,
"Dhanya
  sri S S ",MKS00114,3.5,Beginner,G Beginner1A,12,,,,8:00 PM,bathri,,,,,8:00 PM,Guru,11:00 AM,Prakash,8:00 PM,Guru,,,,,,,,,8:00 PM,Guru,11:00 AM,Guru,8:00 PM,Guru,,,,,,,,,8:00 PM,Guru,,,8:00 PM,Guru,,,,,,,,,8:00 PM,Guru,11:00 AM,Guru,8:00 PM,Guru,,,,,,,,
N.sri dharshni,MKS00055,4.4,Beginner,L Beginner2,,,,,,,7:00 PM,Bathri,,,,,1:30 PM,prakash,,,7:00 PM,Dhaanush,,,8:00 PM,prakash,,,,,1:30 PM,,7:00 PM,Prakash,,,,,,,,,,,,,,,7:00 PM,Prakash,,,,,,,7:00 PM,Dhaanush,,,,,7:00 PM,Prakash,,,,,,
Pugazhini Navaneethan,MKS00156,3.2,Beginner,I Beginner1,9,,6:00 AM,Bathri,,,,,,,6:00 AM,Bathri,,,,,6:00 AM,Bathri,,,,,,,6:00 AM,Bathri,,,,,6:00 AM,Bathri,,,,,,,6:00 AM,Bathri,,,,,6:00 AM,Bathri,,,,,,,6:00 AM,Bathri,,,,,6:00 AM,Bathri,,,,,,
Kirthik,MKS00048,5.4,Beginner,I Beginner2,10,,6:00 AM,Prakash,,,,,,,6:00 AM,Prakash,,,,,6:00 AM,Prakash,,,,,,,6:00 AM,Prakash,,,,,6:00 AM,Bathri,,,6:00 AM,Prakash,,,6:00 AM,Prakash,,,,,6:00 AM,Prakash,,,6:00 AM,Prakash,,,6:00 AM,Prakash,,,,,6:00 AM,Prakash,,,,,,
Harri mithran P,MKS00210,1.1,Basic,I Basic2,9,,5:00 PM,Bathri,,,,,5:00 PM,Bathri,,,,,,,5:00 PM,Bathri,,,,,5:00 PM,Bathri,,,,,,,5:00 PM,Bathri,,,,,5:00 PM,Bathri,,,,,,,5:00 PM,Bathri,,,,,5:00 PM,Bathri,,,,,,,5:00 PM,Bathri,,,,,,
P.V Subhiksha,MKS00150,3.3,Beginner,I Beginner1,10,,5:00 PM,Dhaanush,,,,,,,,,,,,,5:00 PM,Dhaanush,,,,,5:00 PM,Dhaanush,,,,,,,5:00 PM,Dhaanush,,,5:00 PM,Dhaanush,5:00 PM,Dhaanush,,,,,,,5:00 PM,Dhaanush,,,5:00 PM,Dhaanush,5:00 PM,Dhaanush,,,,,,,5:00 PM,Dhaanush,,,,,,
HAASHINI  SHRIVY V,MKS00115,2.9,Beginner,G beginner1,,,6:00 PM,Prakash,,,,,,,,,11:00 AM,Prakash,,,,,,,,,,,8:00 PM,Guru,11:00 AM,Guru,3:00 PM,Bathri,6:00 PM,Bathri,,,6:00 PM,Bathri,8:00 PM,Bathri,,,,,,,6:00 PM,Bathri,,,6:00 PM,Bathri,,,,,11:00 AM,manikandan,,,6:00 PM,Bathri,,,,,,
Ridhanya Sri.V,MKS00178,2.4,Beginner,G beginner1,12,,6:00 PM,Prakash,,,8:00 PM,Bathri,,,8:00 PM,Bathri,,,,,8:00 PM,Bathri,,,8:00 PM,Bathri,,,8:00 PM,Bathri,,,,,8:00 PM,Bathri,,,8:00 PM,Bathri,,,8:00 PM,Bathri,,,,,8:00 PM,Bathri,,,8:00 PM,Bathri,,,8:00 PM,Bathri,,,,,8:00 PM,Bathri,,,,,,
 N.Charan,MKS00148,2.8,Beginner,G beginner1,12,,6:00 PM,,7:00 PM,Abinaya,,,,,8:00 PM,Prakash,11:00 AM,Prakash,,,,,,,,,,,8:00 PM,Bathri,11:00 AM,,3:00 PM,Bathri,6:00 PM,Bathri,,,6:00 PM,Bathri,8:00 PM,Bathri,,,,,,,6:00 PM,Bathri,,,6:00 PM,Bathri,,,,,11:00 AM,manikandan,,,6:00 PM,Bathri,,,,,,
Mithra.M,MKS00140,2.9,Beginner,G beginner1,13,,6:00 PM,Prakash,,,,,,,6:00 PM,Prakash,11:00 AM,Prakash,6:00 PM,Prakash,,,,,,,,,6:00 PM,Bathri,11:00 AM,Prakash,6:00 PM,Prakash,,,,,,,,,6:00 PM,Prakash,,,6:00 PM,Prakash,,,,,6:00 PM,Prakash,,,6:00 PM,Prakash,11:00 AM,Guru,6:00 PM,Prakash,,,,,,,,
Rooban,MKS00215,3.0,Basic,G beginner1,12,,6:00 PM,Prakash,,,,,,,6:00 PM,Prakash,11:00 AM,Abinaya,6:00 PM,Prakash,,,,,,,,,6:00 PM,Bathri,11:00 AM,Abinaya,6:00 PM,Prakash,,,,,,,,,6:00 PM,Prakash,,,6:00 PM,Prakash,,,,,6:00 PM,Prakash,,,6:00 PM,Prakash,11:00 AM,Guru,6:00 PM,Prakash,,,,,,,,
Syed Individual,MKS00076,3.5,Beginner,I Beginner1,10,,6:00 PM,Bathri,,,,,,,7:00 PM,Bathri,,,,,7:00 PM,Bathri,,,7:00 PM,Bathri,8:00 PM,Bathri,,,7:00 PM,Bathri,,,7:00 PM,Bathri,,,7:00 PM,Bathri,8:00 PM,Prakash,,,7:00 PM,Bathri,,,,,,,7:00 PM,Bathri,8:00 PM,Bathri,,,7:00 PM,Bathri,,,,,,,,,,
Mithun Rajamani chakravarthi,MKS00112,3.5,Beginner,G Beginner1,12,,6:00 PM,Prakash,,,,,,,6:00 PM,Prakash,11:00 AM,Prakash,6:00 PM,Prakash,,,,,,,,,6:00 PM,Bathri,11:00 AM,Prakash,6:00 PM,Prakash,,,,,,,,,6:00 PM,Prakash,,,6:00 PM,Prakash,,,,,6:00 PM,Prakash,,,6:00 PM,Prakash,11:00 AM,Guru,6:00 PM,Prakash,,,,,,,,
Mithra sree A,MKS00161,4.0,Beginner,G Beginner1,12,,6:00 PM,Prakash,,,,,,,6:00 PM,Prakash,11:00 AM,Prakash,6:00 PM,Prakash,,,,,,,,,6:00 PM,Bathri,11:00 AM,Prakash,6:00 PM,Prakash,,,,,,,,,6:00 PM,Prakash,,,6:00 PM,Prakash,,,,,6:00 PM,Prakash,,,6:00 PM,Prakash,11:00 AM,Guru,6:00 PM,Prakash,,,,,,,,
Reyhan nawaz,MKS00049,5.6,Early Intermediate,L Early Intermediate2,12,,6:00 PM,Dhaanush,,,,,,,6:00 PM,Dhaanush,10:00 AM,Prakash,,,6:00 PM,Dhaanush,,,,,,,6:00 PM,Dhaanush,10:00 AM,Prakash,,,6:00 PM,Dhaanush,,,,,,,6:00 PM,Dhaanush,,,,,6:00 PM,Dhaanush,,,,,,,6:00 PM,Dhaanush,10:00 AM,Prakash,,,6:00 PM,Dhaanush,,,,,,
Nithesh Nagarathinam,MKS00054,5.8,Early Intermediate,L Early Intermediate1,24,,6:00 PM,Dhaanush,6:00 PM,Dhaanush,6:00 PM,Dhaanush,6:00 PM,Dhaanush,6:00 PM,Dhaanush,,,6:00 PM,Dhaanush,6:00 PM,Dhaanush,6:00 PM,Dhaanush,6:00 PM,Dhaanush,6:00 PM,Dhaanush,6:00 PM,Dhaanush,,,,,6:00 PM,Dhaanush,6:00 PM,Dhaanush,6:00 PM,Dhaanush,6:00 PM,Dhaanush,6:00 PM,Dhaanush,,,6:00 PM,Dhaanush,6:00 PM,Dhaanush,6:00 PM,Dhaanush,6:00 PM,Dhaanush,6:00 PM,Dhaanush,6:00 PM,Dhaanush,,,6:00 PM,Dhaanush,6:00 PM,Dhaanush,,,,,,
Thivya,MKS00056,6.2,Early Intermediate,L Early Intermediate2,12,,6:00 PM,Dhaanush,,,,,6:00 PM,Dhaanush,6:00 PM,Dhaanush,10:00 AM,Dhaanush,,,,,,,,,6:00 PM,Dhaanush,6:00 PM,Dhaanush,10:00 AM,Prakash,,,6:00 PM,Dhaanush,,,,,,,6:00 PM,Dhaanush,,,,,6:00 PM,Dhaanush,,,,,,,6:00 PM,Dhaanush,10:00 AM,Prakash,,,6:00 PM,Dhaanush,,,,,,
Jayasudhan,MKS00220,1.1,Basic,G Beginner1,12,,7:00 PM,Abinaya,8:00 PM,Abinaya,,,8:00 PM,Manikandan,7:00 PM,Manikandan,,,8:00 PM,Manikandan,8:00 PM,Abinaya,,,8:00 PM,Abinaya,,,,,,,,,8:00 PM,Abinaya,,,8:00 PM,Abinaya,,,,,,,,,8:00 PM,Abinaya,,,8:00 PM,Abinaya,,,,,11:00 AM,Abinaya,,,8:00 PM,Abinaya,,,,,,
Bhavadharani.B,MKS00203,1.3,Basic,G Beginner1,13,,7:00 PM,Abinaya,,,,,8:00 PM,Manikandan,7:00 PM,Manikandan,11:00 AM,Abinaya,8:00 PM,Manikandan,,,8:00 PM,Abinaya,7:00 PM,Abinaya,,,,,11:00 AM,Abinaya,12:00 PM,Bathri,,,,,7:00 PM,Manikandan,,,,,,,7:00 PM,Manikandan,8:00 PM,Bathri,,,7:00 PM,Manikandan,,,,,11:00 AM,Abinaya,7:00 PM,Manikandan,,,,,,,,
Adhigan Amarnath,MKS00204,1.3,Basic,L Basic2,12,,7:00 PM,Abinaya,,,,,8:00 PM,Abinaya,7:00 PM,Abinaya,11:00 AM,Abinaya,,,7:00 PM,Abinaya,,,,,,,7:00 PM,Abinaya,11:00 AM,Abinaya,,,7:00 PM,Abinaya,,,,,,,7:00 PM,Abinaya,,,,,7:00 PM,Abinaya,,,,,,,7:00 PM,Abinaya,11:00 AM,Abinaya,,,,,,,,,,
RITHIKNATH K.M ,MKS00193,2.1,Basic,G Beginner1,12,,7:00 PM,Prakash,7:00 PM,Abinaya,,,,,,,11:00 AM,Abinaya,,,8:00 PM,Abinaya,,,8:00 PM,Abinaya,,,,,11:00 AM,Abinaya,,,8:00 PM,Abinaya,,,8:00 PM,Abinaya,,,,,,,,,8:00 PM,Abinaya,,,8:00 PM,Abinaya,,,,,11:00 AM,Abinaya,,,8:00 PM,Abinaya,,,,,,
Cholamithran BR,MKS00192,2.1,Basic,G Beginner1,12,,7:00 PM,Prakash,7:00 PM,Abinaya,,,,,,,11:00 AM,Abinaya,,,8:00 PM,Abinaya,,,8:00 PM,Abinaya,,,,,11:00 AM,Abinaya,,,8:00 PM,Abinaya,,,8:00 PM,Abinaya,,,,,,,,,8:00 PM,Abinaya,,,8:00 PM,Abinaya,,,,,11:00 AM,Abinaya,,,8:00 PM,Abinaya,,,,,,
M.Srisaran,MKS00186,2.2,Basic,G Beginner1,12,,7:00 PM,Prakash,7:00 PM,Abinaya,,,,,,,11:00 AM,Abinaya,8:00 PM,Abinaya,,,8:00 PM,Abinaya,,,,,,,11:00 AM,Abinaya,8:00 PM,Abinaya,,,8:00 PM,Abinaya,,,,,,,,,8:00 PM,Abinaya,,,8:00 PM,Abinaya,,,,,,,11:00 AM,Abinaya,8:00 PM,Abinaya,,,,,,,,
BHAANAVI.V,MKS00189,2.2,Basic,G Beginner1,12,,7:00 PM,Prakash,7:00 PM,Abinaya,,,,,,,11:00 AM,Abinaya,,,8:00 PM,Abinaya,,,8:00 PM,Abinaya,,,,,11:00 AM,Abinaya,,                                                                                          ,8:00 PM,Abinaya,,,8:00 PM,Abinaya,,,,,,,,,8:00 PM,Abinaya,,,8:00 PM,Abinaya,,,,,11:00 AM,Abinaya,,,8:00 PM,Abinaya,,,,,,
YAASHVIN A/L SATEESHKUMAR,MKS00065,6.9,Intermediate,G Intermediate2,10,,7:00 PM,Dhaanush,,,,,,,7:00 PM,Arshath,10:00 AM,Dhaanush,,,,,,,,,,,7:00 PM,Arshath,11:00 AM,Arshath,2:00 PM,Arshath,,,,,5:30 PM,Arshath,5:30 PM,Arshath,6:00 PM,Arshath,,,,,,,6:00 PM,Dhaanush,5:30 PM,Arshath,5:30 PM,Arshath,6:00 PM,Arshath,,,,,,,,,,,,
Sachin,MKS00059,7.6,Intermediate,L Intermediate2,12,,7:00 PM,Dhaanush,,,6:00 PM,,,,,,,,,,,,,,,,,,6:00 PM,Arshath,10:00 AM,Arshath,6:00 PM,Dhaanush,,,,,5:30 PM,Arshath,5:30 PM,Arshath,5:00 PM,Arshath,,,6:00 PM,Dhaanush,,,,,5:30 PM,Arshath,5:30 PM,Arshath,5:00 PM,Arshath,10:00 AM,Arshath,6:00 PM,Dhaanush,,,,,,,,
Sarvin,MKS00060,7.6,Intermediate,G Intermediate2,10,,7:00 PM,Dhaanush,,,,,,,7:00 PM,Arshath,10:00 AM,Dhaanush,,,,,,,,,,,7:00 PM,Arshath,11:00 AM,Arshath,2:00 PM,Arshath,,,,,5:30 PM,Arshath,5:30 PM,Arshath,6:00 PM,Arshath,,,,,,,6:00 PM,Dhaanush,5:30 PM,Arshath,5:30 PM,Arshath,6:00 PM,Arshath,,,,,,,,,,,,
Nyvan,MKS00208,1.7,Basic,G Beginner1,12,,8:00 PM,Abinaya,,,8:00 PM,Abinaya,,,,,11:00 AM,Abinaya,,,8:00 PM,Abinaya,,,8:00 PM,Abinaya,,,,,11:00 AM,Abinaya,,,8:00 PM,Abinaya,,,8:00 PM,Abinaya,,,,,,,,,8:00 PM,Abinaya,,,8:00 PM,Abinaya,,,,,11:00 AM,Abinaya,,,8:00 PM,Abinaya,,,,,,
Thiyashwar S,MKS00181,1.7,Basic,G Beginner1,12,,8:00 PM,Abinaya,,,8:00 PM,Abinaya,,,,,11:00 AM,Abinaya,,,8:00 PM,Abinaya,,,8:00 PM,Abinaya,,,,,11:00 AM,Abinaya,,,8:00 PM,Abinaya,,,8:00 PM,Abinaya,,,,,,,,,8:00 PM,Abinaya,,,8:00 PM,Abinaya,,,,,11:00 AM,Abinaya,,,8:00 PM,Abinaya,,,,,,
Thenamilthan.S,MKS00200,1.8,Basic,G Beginner1,12,,8:00 PM,Abinaya,,,8:00 PM,Abinaya,,,,,11:00 AM,Abinaya,8:00 PM,Abinaya,,,8:00 PM,Abinaya,,,,,,,11:00 AM,Abinaya,8:00 PM,Abinaya,,,8:00 PM,Abinaya,,,,,,,,,8:00 PM,Abinaya,,,8:00 PM,Abinaya,,,,,,,11:00 AM,Abinaya,8:00 PM,Abinaya,,,,,,,,
S.Kavirenu,MKS00199,1.8,Basic,G Beginner1,12,,8:00 PM,Abinaya,,,8:00 PM,Abinaya,,,,,11:00 AM,Abinaya,8:00 PM,Abinaya,,,8:00 PM,Abinaya,,,,,,,11:00 AM,Abinaya,8:00 PM,Abinaya,,,8:00 PM,Abinaya,,,,,,,,,8:00 PM,Abinaya,,,8:00 PM,Abinaya,,,,,,,11:00 AM,Abinaya,8:00 PM,Abinaya,,,,,,,,
S.Kabilan,MKS00198,1.8,Basic,G Beginner1,12,,8:00 PM,Abinaya,,,8:00 PM,Abinaya,,,,,11:00 AM,Abinaya,8:00 PM,Abinaya,,,8:00 PM,Abinaya,,,,,,,11:00 AM,Abinaya,8:00 PM,Abinaya,,,8:00 PM,Abinaya,,,,,,,,,8:00 PM,Abinaya,,,8:00 PM,Abinaya,,,,,,,11:00 AM,Abinaya,8:00 PM,Abinaya,,,,,,,,
Manikandan S,MKS00183,4.5,Early Intermediate,G Early Intermediate1,15,,8:00 PM,Dhaanush,7:00 PM,Dhaanush,,,,,5:00 PM,Dhaanush,10:00 AM,Abinaya,,,8:00 PM,Dhaanush,7:00 PM,Dhaanush,,,,,5:00 PM,Dhaanush,,,2:00 PM,Arshath,8:00 PM,Dhaanush,7:00 PM,Dhaanush,,,,,5:00 PM,Dhaanush,,,,,8:00 PM,Dhaanush,7:00 PM,Dhaanush,,,,,5:00 PM,Dhaanush,,,,,8:00 PM,Dhaanush,7:00 PM,Dhaanush,,,,
Samuel Rajan,MKS00182,5.6,Early Intermediate,G Intermediate1,12,,8:00 PM,Dhaanush,7:00 PM,Saravanan,,,8:00 PM,Dhaanush,,,,,,,8:00 PM,Dhaanush,7:00 PM,Saravanan,6:30 PM,Saravanan,,,,,,,,,8:00 PM,Dhaanush,7:00 PM,Saravanan,,,,,,,,,,,8:00 PM,Dhaanush,7:00 PM,Saravanan,,,8:00 PM,Dhaanush,,,,,,,8:00 PM,Dhaanush,7:00 PM,Saravanan,,,,
Selvakrishna RK,MKS00167,6.6,Intermediate,G Intermediate2,12,,8:00 PM,Dhaanush,,,,,,,7:00 PM,Arshath,10:00 AM,Dhaanush,,,8:00 PM,Dhaanush,,,,,,,7:00 PM,Arshath,11:00 AM,Arshath,2:00 PM,Arshath,8:00 PM,Dhaanush,,,,,5:30 PM,Arshath,6:00 PM,Arshath,,,,,8:00 PM,Dhaanush,,,,,5:30 PM,Arshath,6:00 PM,Arshath,,,,,8:00 PM,Dhaanush,,,,,,
Srikavi Bharathi,MKS00045,7.0,Intermediate,G Intermediate2,14,,8:00 PM,Dhaanush,,,,,,,7:00 PM,Arshath,10:00 AM,Dhaanush,,,8:00 PM,Dhaanush,,,,,,,7:00 PM,Arshath,11:00 AM,Arshath,2:00 PM,Arshath,8:00 PM,Dhaanush,,,,,5:30 PM,Arshath,6:00 PM,Arshath,,,,,8:00 PM,Dhaanush,,,,,5:30 PM,Arshath,6:00 PM,Arshath,,,,,8:00 PM,Dhaanush,,,,,,
Krishiv Ajay,MKS00037,7.5,Intermediate,G Intermediate2,12,,8:00 PM,Dhaanush,,,,,,,7:00 PM,Arshath,,,,,8:00 PM,Dhaanush,,,,,,,7:00 PM,Arshath,11:00 AM,Arshath,2:00 PM,Arshath,8:00 PM,Dhaanush,,,,,5:30 PM,Arshath,6:00 PM,Arshath,,,,,8:00 PM,Dhaanush,,,,,5:30 PM,Arshath,6:00 PM,Arshath,,,,,8:00 PM,Dhaanush,,,,,,
Sai Eswar,MKS00132,7.5,Intermediate,I Intermediate2,18,,8:00 PM,Dhaanush,8:00 PM,Dhaanush,8:00 PM,Dhaanush,,,,,9:00 AM,Dhaanush,,,8:00 PM,Dhaanush,8:00 PM,Dhaanush,8:00 PM,Dhaanush,,,,,9:00 AM,Dhaanush,,,8:00 PM,Dhaanush,8:00 PM,Dhaanush,8:00 PM,Dhaanush,,,,,9:00 AM,Dhaanush,,,8:00 PM,Dhaanush,8:00 PM,Dhaanush,8:00 PM,Dhaanush,9:00 AM,Dhaanush,,,9:00 AM,Dhaanush,,,8:00 PM,Dhaanush,8:00 PM,Dhaanush,,,,
J Jerwin,MKS00230,1.8,Basic,G Basic2,,,,,,,,,,,,,,,7:00 PM,Manikandan,,,,,7:00 PM,Manikandan,,,,,11:00 AM,,7:00 PM,Manikandan,8:00 PM,Bathri,,,,,,,,,,,,,8:00 PM,Bathri,,,,,,,,,,,,,8:00 PM,Bathri,,,,,,
Dev dharsan,MKS00142,2.6,Beginner,L Beginner1,,,,,,,8:00 PM,Prakash,,,,,11:00 AM,Abinaya,,,8:00 PM,Prakash,,,,,8:00 PM,Guru,,,11:00 AM,,,,,,,,,,11:00 AM,Abinaya,8:00 PM,Bathri,,,,,,,,,,,11:00 AM,Abinaya,8:00 PM,Guru,,,,,,,,,,,,
Oviya B,MKS00038,3.2,Beginner,G Beginner2s,,,,,,,,,8:00 PM,Bathri,8:00 PM,Guru,11:00 AM,Hema,,,,,,,,,8:00 PM,Bathri,,,11:00 AM,,3:00 PM,Bathri,,,,,,,,,6:00 PM,Prakash,,,,,7:00 PM,Dhaanush,,,,,7:00 PM,Dhaanush,6:00 PM,Prakash,,,7:00 PM,Dhaanush,7:00 PM,,,,,,,
Aaradheya P,MKS00225,0.2,Basic,G Basic1,,,,,,,,,,,,,,,7:00 PM,Prakash,,,,,,,,,8:00 PM,Manikandan,,,,,,,,,,,,,,,,,,,,,,,,,,,,,,,,,,,,,,,,
Magizh,MKS00213,0.4,Basic,I Basic1,8,,,,,,,,11:00 AM,Bathri,,,,,,,11:00 AM,Bathri,,,,,,,,,,,,,11:00 AM,Bathri,11:00 AM,Bathri,,,11:00 AM,Bathri,,,,,,,11:00 AM,Bathri,,,,,11:00 AM,Bathri,,,,,,,11:00 AM,Bathri,,,,,,
B.V.Tijesh,MKS00219,0.5,Basic,G Basic1,12,,,,,,,,7:00 PM,Abinaya,,,,,7:00 PM,Abinaya,,,7:00 PM,Abinaya,,,7:00 PM,Abinaya,,,,,7:00 PM,Abinaya,,,7:00 PM,Abinaya,,,7:00 PM,Abinaya,,,,,7:00 PM,Abinaya,,,7:00 PM,Abinaya,,,7:00 PM,Abinaya,,,,,7:00 PM,Abinaya,,,7:00 PM,Abinaya,,,,
A.Bavinesh,MKS00214,0.6,Basic,G Basic1,12,,,,,,,,7:00 PM,Abinaya,,,,,7:00 PM,Abinaya,,,7:00 PM,Abinaya,,,7:00 PM,Abinaya,,,,,7:00 PM,Abinaya,,,7:00 PM,Abinaya,,,7:00 PM,Abinaya,,,,,7:00 PM,Abinaya,,,7:00 PM,Abinaya,,,7:00 PM,Abinaya,,,,,7:00 PM,Abinaya,,,7:00 PM,Abinaya,,,,
Devansh gade,MKS00218,0.7,Basic,I basic2,8,,,,4:30 PM,Bathri,,,,,,,,,4:30 PM,Bathri,,,4:30 PM,Prakash,,,,,,,,,4:30 PM,Bathri,,,4:30 PM,Bathri,,,,,,,,,4:30 PM,Bathri,,,4:30 PM,Bathri,,,,,,,,,4:30 PM,Bathri,,,4:30 PM,Bathri,,,,
S Mounitha,MKS00226,0.7,Basic,G Beginner2,11,,,,,,,,,,,,,,,,7:00 PM,Manikandan,,,,,6:00 PM,Manikandan,7:00 PM,Manikandan,,,,,7:00 PM,Manikandan,7:00 PM,Manikandan,,,7:00 PM,Manikandan,,,,,7:00 PM,Manikandan,,,7:00 PM,Manikandan,,,7:00 PM,Manikandan,,,,,7:00 PM,Manikandan,,,7:00 PM,Manikandan,,,,
C.V.Chanvika,MKS00196,0.7,Basic,L Basic1,12,,,,,,,,7:00 PM,Abinaya,,,,,7:00 PM,Abinaya,,,7:00 PM,Abinaya,,,7:00 PM,Abinaya,,,,,7:00 PM,Abinaya,,,7:00 PM,Abinaya,,,7:00 PM,Abinaya,,,,,7:00 PM,Abinaya,,,7:00 PM,Abinaya,,,7:00 PM,Abinaya,,,,,7:00 PM,Abinaya,,,7:00 PM,Abinaya,,,,
Aadhav Mithun,MKS00170,1.1,Basic,I Basic2,5,,,,,,,,,,10:00 AM,Abinaya,,,,,,,,,,,,,10:00 AM,Abinaya,10:00 AM,Abinaya,,,,,,,,,,,10:00 AM,Abinaya,,,,,,,,,,,,,10:00 AM,Abinaya,,,,,,,,,,,,
Kavinth P,MKS00217,1.1,Basic,G Beginner1,12,,,,8:00 PM,Abinaya,,,8:00 PM,Manikandan,7:00 PM,Manikandan,11:00 AM,Abinaya,8:00 PM,Manikandan,,,8:00 PM,Abinaya,,,,,,,11:00 AM,Abinaya,8:00 PM,Abinaya,,,8:00 PM,Abinaya,,,,,,,,,8:00 PM,Abinaya,,,8:00 PM,Abinaya,,,,,,,11:00 AM,Abinaya,8:00 PM,Abinaya,,,,,,,,
Sudharshika,MKS00216,1.1,Basic,G Basic2,12,,,,,,,,8:00 PM,Abinaya,7:00 PM,Abinaya,11:00 AM,Abinaya,,,7:00 PM,Abinaya,,,,,,,7:00 PM,Abinaya,11:00 AM,Abinaya,,,7:00 PM,Abinaya,,,,,,,7:00 PM,Abinaya,,,,,7:00 PM,Abinaya,,,,,,,7:00 PM,Abinaya,11:00 AM,Abinaya,,,7:00 PM,Abinaya,,,,,,
B.SAI SRI,MKS00211,1.1,Basic,G Basic2,0,,,,,,,,8:00 PM,Abinaya,7:00 PM,Abinaya,11:00 AM,Abinaya,,,7:00 PM,Abinaya,,,,,,,7:00 PM,Abinaya,11:00 AM,Abinaya,,,7:00 PM,Abinaya,,,,,,,7:00 PM,Abinaya,,,,,7:00 PM,Abinaya,,,,,,,7:00 PM,Abinaya,11:00 AM,Abinaya,,,7:00 PM,Abinaya,,,,,,
Kaashvi Prakash,MKS00184,1.5,Basic,I Basic2,5,,,,7:00 PM,Prakash,,,,,,,,,,,,,6:00 PM,Prakash,,,,,,,,,,,,,6:00 PM,Prakash,,,,,,,,,,,,,6:00 PM,Prakash,,,,,,,,,,,,,6:00 PM,Prakash,,,,
R Logeshwaran,MKS00222,1.8,Beginner,G beginner1,12,,,,,,8:00 PM,Manikandan,,,,,11:00 AM,hema,,,,,,,7:00 PM,Manikandan,,,,,11:00 AM,Guru,12:00 PM,Bathri,,,,,7:00 PM,Manikandan,,,,,,,7:00 PM,Manikandan,8:00 PM,Bathri,,,7:00 PM,Manikandan,,,,,11:00 AM,Guru,7:00 PM,Manikandan,8:00 PM,Bathri,,,,,,
Jeevith. N.M,MKS00224,1.8,Basic,G Basic2,10,,,,,,,,,,,,,,7:00 PM,Manikandan,,,,,7:00 PM,Manikandan,,,,,,,12:00 PM,Bathri,8:00 PM,Bathri,,,7:00 PM,Manikandan,,,,,,,7:00 PM,Manikandan,8:00 PM,Bathri,,,7:00 PM,Manikandan,,,,,,,7:00 PM,Manikandan,8:00 PM,Bathri,,,,,,
S.P.NEHASRI,MKS00157,1.8,Basic,G Basic2A,13,,,,,,,,8:00 PM,Bathri,8:00 PM,Bathri,11:00 AM,Abinaya,,,,,,,,,8:00 PM,Bathri,8:00 PM,Guru,11:00 AM,Abinaya,,,8:00 PM,Bathri,,,,,8:00 PM,Bathri,8:00 PM,Prakash,,,,,,,,,,,8:00 PM,Prakash,8:00 PM,Prakash,11:00 AM,Abinaya,,,,,,,,,,
Viraaj Shanmugam,MKS00153,2.0,Basic,I Basic2,11,,,,7:00 PM,Guru,,,,,12:15 PM,Bathri,9:00 AM,Guru,,,,,7:00 PM,Guru,,,,,12:15 PM,Bathri,11:00 AM,Bathri,,,,,7:00 PM,Guru,,,,,12:15 PM,Bathri,,,,,,,7:00 PM,Guru,,,,,,,9:00 AM,Guru,,,,,7:00 PM,Guru,,,,
Vikaesh,MKS00221,2.2,Beginner,I Beginner1,12,,,,,,11:15 AM,bathri,7:00 PM,Bathri,,,11:00 AM,Bathri,6:00 PM,Bathri,,,8:00 PM,Bathri,,,,,,,9:00 AM,Bathri,6:00 PM,Bathri,,,6:00 PM,Bathri,,,,,,,,,6:00 PM,Bathri,,,6:00 PM,Bathri,,,,,,,9:00 AM,Bathri,6:00 PM,Bathri,,,,,,,,
C S Sharwin,MKS00197,2.4,Beginner,G Beginner1B,13,,,,,,,,,,6:00 PM,Prakash,11:00 AM,Hema,6:00 PM,Prakash,8:00 PM,,,,8:00 PM,Bathri,,,8:00 PM,Bathri,,,,,8:00 PM,Bathri,,,8:00 PM,Bathri,,,8:00 PM,Bathri,,,,,8:00 PM,Bathri,,,8:00 PM,Bathri,,,8:00 PM,Bathri,,,,,8:00 PM,Bathri,,,,,,
S. Thashwin Raj,MKS00155,2.6,Beginner,G beginner1C,13,,,,,,8:00 PM,Bathri,7:00 PM,Prakash,8:00 PM,Bathri,11:00 AM,Guru,,,,,,,,,7:00 PM,Prakash,,Bathri,11:00 AM,Guru,,,8:00 PM,Bathri,,,,,7:00 PM,Prakash,8:00 PM,Bathri,,,,,,,,,,,7:00 PM,bathri,8:00 PM,Bathri,11:00 AM,Guru,,,,,,,,,,
Vaishnavi Krishna ,MKS00165,2.6,Beginner,L Beginner1,8,,,,6:00 AM,Bathri,,,,,9:00 PM,Bathri,,,,,,,6:00 AM,Bathri,,,,,9:00 PM,Bathri,,,,,,,6:00 AM,Bathri,,,,,,,,,,,,,6:00 AM,Bathri,,,,,9:00 PM,Bathri,,,,,,,6:00 AM,Bathri,,,,
Vaibhavi Krishna ,MKS00164,2.7,Beginner,L Beginner1,8,,,,6:00 AM,Bathri,,,,,9:00 PM,Bathri,,,,,,,6:00 AM,Bathri,,,,,9:00 PM,Bathri,,,,,,,6:00 AM,Bathri,,,,,,,,,,,,,6:00 AM,Bathri,,,,,9:00 PM,Bathri,,,,,,,6:00 AM,Bathri,,,,
Harini,MKS00073,2.8,Beginner,G Beginner2,12,,,,,,,,6:00 PM,Guru,,,11:00 AM,Hema,6:00 PM,Prakash,,,,,,,6:00 PM,,,,11:00 AM,,3:00 PM,Bathri,6:00 PM,Bathri,,,6:00 PM,Bathri,,,,,,,,,6:00 PM,Bathri,,,6:00 PM,Bathri,,,,,11:00 AM,manikandan,6:00 PM,Prakash,6:00 PM,Bathri,,,,,,
H V Kanishk,MKS00154,2.8,Beginner,G beginner1C,12,,,,,,,,7:00 PM,Prakash,8:00 PM,Bathri,11:00 AM,Abinaya,,,,,,,,,7:00 PM,Prakash,8:00 PM,Bathri,11:00 AM,Guru,,,8:00 PM,Bathri,,,,,7:00 PM,Prakash,8:00 PM,Bathri,,,,,,,,,,,7:00 PM,bathri,8:00 PM,Bathri,11:00 AM,Guru,,,,,,,,,,
Vikash,MKS00168,2.8,Beginner,G beginner1C,12,,,,,,8:00 PM,Bathri,7:00 PM,Prakash,8:00 PM,Bathri,11:00 AM,Prakash,,,,,,,,,7:00 PM,Prakash,,Bathri,11:00 AM,Guru,,,,,,,,,7:00 PM,Prakash,8:00 PM,Bathri,,,,,,,,,,,7:00 PM,bathri,8:00 PM,Bathri,11:00 AM,Guru,,,,,,,,,,
A.T.Vagish,MKS00149,2.8,Beginner,G Beginner1,12,,,,,,,,,,6:00 PM,Prakash,11:00 AM,Prakash,6:00 PM,Prakash,,,,,,,,,6:00 PM,Bathri, ,Prakash,6:00 PM,Prakash,,,,,,,,,6:00 PM,Prakash,,,6:00 PM,Prakash,,,,,6:00 PM,Prakash,,,6:00 PM,Prakash,11:00 AM,Guru,6:00 PM,Prakash,,,,,,,,
Nakshathra. C,MKS00227,2.8,Beginner,G Beginner2,10,,,,,,,,,,,,,,7:00 PM,Dhaanush,,,,,,,7:00 PM,Dhaanush,,,10:00 AM,Abinaya,7:00 PM,Dhaanush,,,,,,,7:00 PM,Dhaanush,,,,,7:00 PM,Dhaanush,7:00 PM,Dhaanush,,,,,7:00 PM,Dhaanush,,,10:00 AM,Abinaya,7:00 PM,Dhaanush,,,,,,,,
Abhijay,MKS00202,2.8,Beginner,G Beginner2,13,,,,,,,,,,8:00 PM,Bathri,11:00 AM,Prakash,7:00 PM,Dhaanush,,,,,,,7:00 PM,Dhaanush,,,10:00 AM,Abinaya,8:00 PM,Dhaanush,,,,,,,7:00 PM,Dhaanush,,,,,7:00 PM,Dhaanush,7:00 PM,Dhaanush,,,,,7:00 PM,Dhaanush,,,10:00 AM,Abinaya,7:00 PM,Dhaanush,,,,,,,,
T L KANISHKAR ,MKS00195,2.8,Basic,I Basic2,4,,,,,,,,,,6:00 PM,Bathri,,,,,,,,,,,,,6:00 PM,Bathri,,,,,,,,,,,,,6:00 PM,Bathri,,,,,,,,,,,,,6:00 PM,Bathri,,,,,,,,,,,,
Vedh Pabba,MKS00190,2.9,Beginner,I Beginner2,8,,,,,,6:00 AM,Bathri,6:00 AM,Bathri,,,,,,,,,,,6:00 AM,Bathri,6:00 AM,Bathri,,,,,,,,,,,6:00 AM,Bathri,6:00 AM,Bathri,,,,,,,,,,,6:00 AM,Bathri,6:00 AM,Bathri,,,,,,,,,,,,,,
MELWIN G,MKS00100,3.0,Beginner,G Beginner2,12,,,,,,,,6:00 PM,Guru,,,11:00 AM,Hema,,,,,,,,,8:00 PM,Bathri,,,11:00 AM,,3:00 PM,Bathri,6:00 PM,Bathri,,,6:00 PM,Bathri,8:00 PM,Bathri,,,,,,,6:00 PM,Bathri,,,6:00 PM,Bathri,,,,,11:00 AM,manikandan,,,6:00 PM,Bathri,,,,,,
Akshadhasree,MKS00067,3.0,Beginner,L Beginner1B,8,,,,,,,,,,11:00 AM,Bathri,11:00 AM,Hema,,,,,,,,,,,11:00 AM,Bathri,11:00 AM,Hema,,,,,,,,,,,11:00 AM,Bathri,,,6:00 PM,,,,,,,,,,11:00 AM,Bathri,11:00 AM,Hema,,,,,,,,,,
Charvi,MKS00163,3.0,Beginner,G Beginner1,12,,,,,,,,,,6:00 PM,Prakash,11:00 AM,Prakash,6:00 PM,Prakash,,,,,,,,,6:00 PM,Bathri,11:00 AM,Prakash,6:00 PM,Prakash,,,,,,,,,6:00 PM,Prakash,,,6:00 PM,Prakash,,,,,6:00 PM,Prakash,,,6:00 PM,Prakash,11:00 AM,Guru,6:00 PM,Prakash,,,,,,,,
Nirupan,MKS00185,3.0,Beginner,G Beginner1B,12,,,,,,,,8:00 PM,Bathri,,,11:00 AM,Prakash,8:00 PM,Guru,,,,,,,,,8:00 PM,Guru,11:00 AM,Guru,8:00 PM,Guru,,,,,,,,,8:00 PM,Guru,,,8:00 PM,Guru,,,,,,,,,8:00 PM,Guru,11:00 AM,Guru,8:00 PM,Guru,,,,,,,,
Anikha,MKS00066,3.1,Beginner,L Beginner1B,8,,,,,,,,,,11:00 AM,Bathri,11:00 AM,Hema,,,,,,,,,,,11:00 AM,Bathri,11 & 1.30pm,Hema,,,,,,,,,,,11:00 AM,Bathri,,,6:00 PM,,,,,,,,,,11:00 AM,Bathri,11:00 AM,Hema,,,,,,,,,,
Rethushana. R,MKS00122,3.1,Beginner,G Beginner1A,12,,,,,,,,,,8:00 PM,Guru,11:00 AM,Prakash,8:00 PM,Guru,,,,,,,,,8:00 PM,Guru,11:00 AM,Guru,8:00 PM,Guru,,,,,,,,,8:00 PM,Guru,,,8:00 PM,Guru,,,,,,,,,8:00 PM,Guru,11:00 AM,Guru,8:00 PM,Guru,,,,,,,,
V. Srikaviyazhini,MKS00131,3.2,Beginner,G Beginner1A,12,,,,,,,,,,8:00 PM,Guru,11:00 AM,Hema,8:00 PM,Guru,,,,,,,,,8:00 PM,Guru,11:00 AM,Guru,8:00 PM,Guru,,,,,,,,,8:00 PM,Guru,,,8:00 PM,Guru,,,,,,,,,8:00 PM,Guru,11:00 AM,Guru,8:00 PM,Guru,,,,,,,,
Sarvesh K,MKS00175,3.2,Beginner,G beginner1C,12,,,,,,,,6:00 PM,Prakash,8:00 PM,Bathri,11:00 AM,Hema,,,,,,,8:00 PM,Bathri,8:00 PM,Bathri,,Bathri,11:00 AM,Abinaya,,,6:00 PM,Bathri,,,6:00 PM,Bathri,,,,,,,,,6:00 PM,Bathri,,,6:00 PM,Bathri,,,,,11:00 AM,manikandan,,,6:00 PM,Bathri,,,,,,
Avyukt A Praveen,MKS00174,3.3,Beginner,G Beginner2A,8,,,,,,,,,,5:00 PM,Dhaanush,11:00 AM,Hema,,,,,,,,,,,5:00 PM,Dhaanush,11:00 AM,Hema,,,,,,,,,,,5:00 PM,Arshath,11:00 AM,hema,,,,,,,,,,,5:00 PM,Dhaanush,11:00 AM,Manikandan,,,,,,,,,,
Nitharsana,MKS00095,3.3,Beginner,G Beginner1,12,,,,,,,,,,6:00 PM,Prakash,11:00 AM,Prakash,6:00 PM,Prakash,,,,,,,,,6:00 PM,Bathri,11:00 AM,Prakash,6:00 PM,Prakash,,,,,,,,,6:00 PM,Prakash,,,6:00 PM,Prakash,,,,,6:00 PM,Prakash,,,6:00 PM,Prakash,11:00 AM,Guru,6:00 PM,Prakash,,,,,,,,
V.D. THARUN ADITHYA,MKS00212,3.3,Beginner,G beginner2,12,,,,,,,,7:00 PM,Prakash,5:00 PM,Dhaanush,11:00 AM,hema,7:00 PM,Dhaanush,,,,,,,7:00 PM,Dhaanush,5:00 PM,Dhaanush,10:00 AM,Abinaya,7:00 PM,Dhaanush,,,,,,,7:00 PM,Dhaanush,,,,,7:00 PM,Dhaanush,7:00 PM,Dhaanush,,,,,7:00 PM,Dhaanush,,,10:00 AM,Abinaya,7:00 PM,Dhaanush,,,,,,,,
Keshav Krishna,,3.3,Beginner,G Early Intermediate1,12,,,,,,,,8:00 PM,Dhaanush,,,11:00 AM,Hema,8:00 PM,Dhaanush,,,,,,,8:00 PM,Dhaanush,,,11:00 AM,Hema,8:00 PM,Dhaanush,,,,,,,8:00 PM,Dhaanush,,,10:00 AM,Dhaanush,8:00 PM,Dhaanush,,,,,,,8:00 PM,Dhaanush,,,11:00 AM,Hema,8:00 PM,Dhaanush,,,,,,,,
M.Nalini Hirthika,MKS00118,3.4,Beginner,G Beginner1A,12,,,,8:00 PM,bathri,,,,,8:00 PM,Guru,11:00 AM,Prakash,8:00 PM,Guru,,,,,,,,,8:00 PM,Guru,11:00 AM,Guru,8:00 PM,Guru,,,,,,,,,8:00 PM,Guru,,,8:00 PM,Guru,,,,,,,,,8:00 PM,Guru,11:00 AM,Guru,8:00 PM,Guru,,,,,,,,
Ryan Stalin ,MKS00007,3.4,Beginner,G Beginner2s,12,,,,,,,,8:00 PM,Bathri,8:00 PM,Guru,11:00 AM,Prakash,,,,,,,,,8:00 PM,Bathri,,,11:00 AM,,3:00 PM,Bathri,,,,,,,8:00 PM,Bathri,8:00 PM,Guru,,,8:00 PM,Guru,,,,,,,,,8:00 PM,Guru,11:00 AM,Guru,8:00 PM,Guru,,,,,,,,
Rohith kumar.B,MKS00207,3.4,beginner,G Beginner2,16,,,,,,,,6:00 PM,Guru,5:00 PM,Dhaanush,11:00 AM,Hema,7:00 PM,Dhaanush,,,,,,,7:00 PM,Dhaanush,5:00 PM,Dhaanush,10:00 AM,Abinaya,7:00 PM,Dhaanush,,,,,,,7:00 PM,Dhaanush,5:00 PM,Dhaanush,,,7:00 PM,Dhaanush,7:00 PM,Dhaanush,,,,,7:00 PM,Dhaanush,5:00 PM,Dhaanush,10:00 AM,Abinaya,7:00 PM,Dhaanush,,,,,,,,
V. Dhaksha,MKS00110,3.4,Beginner,I Beginner1,11,,,,7:00 PM,Bathri,,,7:00 PM,bathri,,,,,7:00 PM,Bathri,7:00 PM,Bathri,7:00 PM,bathri,,,7:00 PM,Bathri,,,,,,,7:00 PM,Bathri,7:00 PM,bathri,,,7:00 PM,Bathri,,,,,7:00 PM,Bathri,,,7:00 PM,bathri,,,7:00 PM,Bathri,,,,,7:00 PM,Bathri,7:00 PM,Bathri,,,,,,
S.V.Kavisree,MKS00111,3.4,Beginner,L Beginner1,12,Not available in Monday and thrusday 5pm-7pm,,,,,,,,,6:00 PM,Prakash,11:00 AM,Prakash,,,,,,,,,6:00 PM,Bathri,7:00 PM,Bathri,1:30 PM,Abinaya,,,,,5:00 PM,bathri,,,,,7:00 PM,Bathri,,,,,6:00 PM,Bathri,5:00 PM,bathri,,,,,7:00 PM,Bathri,1:30 PM,Abinaya,,,6:00 PM,Bathri,5:00 PM,bathri,,,,
V.Pranav,MKS00173,3.5,Early Intermediate,G Early Intermediate1,12,,,,,,,,8:00 PM,Dhaanush,,,10:00 AM,Abinaya,8:00 PM,Dhaanush,,,,,,,8:00 PM,Dhaanush,,,10:00 AM,Abinaya,8:00 PM,Dhaanush,,,,,,,8:00 PM,Dhaanush,,,10:00 AM,Dhaanush,8:00 PM,Dhaanush,,,,,,,8:00 PM,Dhaanush,,,10:00 AM,Abinaya,8:00 PM,Dhaanush,,,,,,,,
Prabajan,MKS00144,3.5,Early Intermediate,G Early Intermediate1,12,,,,,,,,8:00 PM,Dhaanush,,,10:00 AM,Abinaya,8:00 PM,Dhaanush,,,,,,,8:00 PM,Dhaanush,,,10:00 AM,Abinaya,8:00 PM,Dhaanush,,,,,,,8:00 PM,Dhaanush,,,10:00 AM,Dhaanush,8:00 PM,Dhaanush,,,,,,,8:00 PM,Dhaanush,,,10:00 AM,Abinaya,8:00 PM,Dhaanush,,,,,,,,
yaazhini,MKS00147,3.5,Beginner,G Beginner1B,12,,,,,,,,,,,,11:00 AM,Hema,,,,,,,8:00 PM,Bathri,,,,,11:00 AM,Hema,3:00 PM,Guru,6:00 PM,Bathri,,,6:00 PM,Bathri,8:00 PM,Bathri,,,,,,,6:00 PM,Bathri,,,6:00 PM,Bathri,11:00 AM,hema,,,11:00 AM,manikandan,,,6:00 PM,Bathri,,,,,,
Priyan,MKS00162,3.7,Beginner,I Beginner1,8,,,,6:00 AM,Bathri,,,6:00 AM,Prakash,,,,,,,,,6:00 AM,Manikandan,,,6:00 AM,Manikandan,,,,,,,,,6:00 AM,Manikandan,,,6:00 AM,Manikandan,,,,,,,,,6:00 AM,Manikandan,,,,,,,,,,,,,6:00 AM,Manikandan,,,,
Pranith,MKS00143,3.8,Early Intermediate,G Early Intermediate1,12,,,,,,,,8:00 PM,Dhaanush,,,10:00 AM,Abinaya,8:00 PM,Dhaanush,,,,,,,8:00 PM,Dhaanush,,,10:00 AM,Abinaya,8:00 PM,Dhaanush,,,,,,,8:00 PM,Dhaanush,,,10:00 AM,Dhaanush,8:00 PM,Dhaanush,,,,,,,8:00 PM,Dhaanush,,,10:00 AM,Hema,8:00 PM,Dhaanush,,,,,,,,
M Nethran,MKS00020,3.8,Early Intermediate,G Early Intermediate1,12,,,,,,,,8:00 PM,Dhaanush,,,11:00 AM,Hema,8:00 PM,Dhaanush,,,,,,,8:00 PM,Dhaanush,,,11:00 AM,Hema,8:00 PM,Dhaanush,,,,,,,8:00 PM,Dhaanush,,,10:00 AM,Dhaanush,8:00 PM,Dhaanush,,,,,,,8:00 PM,Dhaanush,,,11:00 AM,Hema,8:00 PM,Dhaanush,,,,,,,,
D R RAJAGOPALAN,MKS00176,3.9,Beginner,G beginner1D,12,,,,,,,,8:00 PM,Bathri,8:00 PM,Bathri,10:00 AM,Abinaya,,,,,,,8:00 PM,Bathri,8:00 PM,Bathri,8:00 PM,Bathri,10:00 AM,Abinaya,,,8:00 PM,Bathri,,,,,8:00 PM,Bathri,8:00 PM,Bathri,,,,,,,,,,,8:00 PM,Bathri,8:00 PM,Bathri,10:00 AM,Abinaya,,,,,,,,,,
Jovinya,MKS00075,4.0,Beginner,L Beginner1,12,,,,,,7:00 PM,bathri,,,8:00 PM,prakash,1:30 PM,Hema,,,,,5:00 PM,Bathri,8:00 PM,prakash,6:00 PM,Bathri,7:00 PM,Bathri,1:30 PM,Abinaya,,,,,5:00 PM,bathri,,,,,7:00 PM,Bathri,,,,,6:00 PM,Bathri,5:00 PM,bathri,,,,,7:00 PM,Bathri,1:30 PM,Abinaya,,,6:00 PM,Bathri,5:00 PM,bathri,,,,
D. Tharun,MKS00127,4.0,Beginner,G Beginner2,12,,,,,,,,6:00 PM,Guru,,,11:00 AM,Hema,7:00 PM,Dhaanush,,,,,,,7:00 PM,Dhaanush,,,10:00 AM,Abinaya,7:00 PM,Dhaanush,,,,,,,7:00 PM,Dhaanush,,,,,7:00 PM,Dhaanush,7:00 PM,Dhaanush,,,,,7:00 PM,Dhaanush,,,10:00 AM,Abinaya,7:00 PM,Dhaanush,,,,,,,,
B SARVESSH,MKS00108,4.1,Beginner,G Beginner2,12,,,,,,,,6:00 PM,Guru,,,11:00 AM,Hema,7:00 PM,Dhaanush,,,,,,,7:00 PM,Dhaanush,,,11:00 AM,Abinaya,7:00 PM,Dhaanush,,,,,,,7:00 PM,Dhaanush,,,,,7:00 PM,Dhaanush,7:00 PM,Dhaanush,,,,,7:00 PM,Dhaanush,,,10:00 AM,Abinaya,7:00 PM,Dhaanush,,,,,,,,
Yuviga,MKS00107,4.2,Beginner,G Beginner2,12,,,,,,,,6:00 PM,Guru,,,10:00 AM,Abinaya,7:00 PM,Dhaanush,,,,,,,7:00 PM,Dhaanush,,,10:00 AM,Abinaya,7:00 PM,Dhaanush,,,,,,,7:00 PM,Dhaanush,,,,,7:00 PM,Dhaanush,7:00 PM,Dhaanush,,,,,7:00 PM,Dhaanush,,,10:00 AM,Abinaya,7:00 PM,Dhaanush,,,,,,,,
D KAVISH,MKS00079,4.2,Beginner,G Beginner1A,12,,,,8:00 PM,bathri,,,,,8:00 PM,Guru,10:00 AM,Abinaya,8:00 PM,Guru,,,,,,,,,8:00 PM,Guru,11:00 AM,Guru,8:00 PM,Guru,,,,,,,,,8:00 PM,Guru,,,8:00 PM,Guru,,,,,,,,,8:00 PM,Guru,11:00 AM,Guru,8:00 PM,Guru,,,,,,,,
Ayaan Haris,MKS00092,4.3,Beginner,G Beginner2,12,,,,,,,,6:00 PM,Guru,,,10:00 AM,Abinaya,7:00 PM,Dhaanush,,,,,,,7:00 PM,Dhaanush,,,10:00 AM,Abinaya,7:00 PM,Dhaanush,,,,,,,7:00 PM,Dhaanush,,,,,7:00 PM,Dhaanush,7:00 PM,Dhaanush,,,,,7:00 PM,Dhaanush,,,10:00 AM,Abinaya,7:00 PM,Dhaanush,,,,,,,,
S.Raagavarshenee,MKS00009,4.3,Early Intermediate,G Early Intermediate2,12,,,,7:00 PM,Dhaanush,,,,,7:00 PM,Dhaanush,10:00 AM,Abinaya,,,,,7:00 PM,Dhaanush,,,,,7:00 PM,Dhaanush,10:00 AM,Abinaya,,,,,7:00 PM,Dhaanush,,,,,7:00 PM,Dhaanush,,,,,,,7:00 PM,Dhaanush,,,,,7:00 PM,Dhaanush,10:00 AM,Abinaya,,,,,7:00 PM,Dhaanush,,,,
B.AARAV NARAYAN,MKS00098,4.5,Early Intermediate,L Early Intermediate1,0,,,,,,7:00 PM,Dhaanush,,,8:00 PM,Prakash,11:00 AM,Hema,,,7:00 PM,Dhaanush,,,,,,,8:00 PM,Prakash,10:00 AM,Abinaya,,,7:00 PM,Prakash,,,7:00 PM,Prakash,,,8:00 PM,Prakash,,,,,7:00 PM,Prakash,,,7:00 PM,Prakash,,,8:00 PM,Prakash,10:00 AM,Abinaya,,,7:00 PM,Prakash,,,,,,
Mohhan,MKS00064,4.6,Early Intermediate,G Early Intermediate2,8,,,,7:00 PM,Dhaanush,,,,,7:00 PM,Dhaanush,10:00 AM,Hema,,,,,7:00 PM,Dhaanush,,,,,7:00 PM,Dhaanush,10:00 AM,Hema,,,,,7:00 PM,Dhaanush,,,,,7:00 PM,Dhaanush,,,,,,,7:00 PM,Dhaanush,,,,,7:00 PM,Dhaanush,10:00 AM,Hema,,,,,7:00 PM,Dhaanush,,,,
KAVIBHARATHI P,MKS00201,4.7,Early Intermediate,G Early Intermediate1,12,,,,,,,,8:00 PM,Dhaanush,,,10:00 AM,Abinaya,8:00 PM,Dhaanush,,,,,,,8:00 PM,Dhaanush,,,10:00 AM,Abinaya,8:00 PM,Dhaanush,,,,,,,8:00 PM,Dhaanush,,,10:00 AM,Dhaanush,8:00 PM,Dhaanush,,,,,,,8:00 PM,Dhaanush,,,10:00 AM,Abinaya,8:00 PM,Dhaanush,,,,,,,,
Madesh,MKS00194,4.7,Beginner,L Beginner1,15,,,,,,7:00 PM,Dhaanush,,,8:00 PM,Dhaanush,11:00 AM,Hema,,,8:00 PM,Dhaanush,8:00 PM,Prakash,,,8:00 PM,Prakash,8:00 PM,Prakash,10:00 AM,Abinaya,,,7:00 PM,Prakash,,,7:00 PM,Prakash,,,8:00 PM,Prakash,,,,,7:00 PM,Prakash,,,7:00 PM,Prakash,,,8:00 PM,Prakash,10:00 AM,Abinaya,,,7:00 PM,Prakash,,,,,,
Hithesh,MKS00206,4.8,Early Intermediate,G Early Intermediate2,12,,,,,,,,,,7:00 PM,Dhaanush,10:00 AM,Hema,,,6:00 PM,Dhaanush,7:00 PM,Dhaanush,,,,,7:00 PM,Dhaanush,10:00 AM,Hema,,,,,7:00 PM,Dhaanush,,,,,7:00 PM,Dhaanush,,,,,,,7:00 PM,Dhaanush,,,,,7:00 PM,Dhaanush,10:00 AM,Hema,8:00 PM,Dhaanush,,,7:00 PM,Dhaanush,,,,
Alagu Durai,MKS00141,4.8,Beginner,I Beginner2,5,,,,,,,,,,,,,,,,,,9:00 AM,Prakash,,,,,9:00 AM,Prakash,,,,,9:00 AM,Prakash,9:00 AM,Prakash,,,9:00 AM,Prakash,,,,,,,9:00 AM,Prakash,,,,,9:00 AM,Prakash,,,,,,,9:00 AM,Prakash,,,,,,
Arishmithran,MKS00072,5.0,Early Intermediate,G Early Intermediate2,12,,,,7:00 PM,Dhaanush,,,,,7:00 PM,Dhaanush,10:00 AM,Hema,,,,,7:00 PM,Dhaanush,,,,,7:00 PM,Dhaanush,10:00 AM,Hema,,,,,7:00 PM,Dhaanush,,,,,7:00 PM,Dhaanush,,,,,,,7:00 PM,Dhaanush,,,,,7:00 PM,Dhaanush,10:00 AM,Hema,,,,,7:00 PM,Dhaanush,,,,
Praduksha,MKS00091,5.1,Early Intermediate,G Early Intermediate2,12,,,,7:00 PM,Dhaanush,,,,,7:00 PM,Dhaanush,10:00 AM,Hema,,,,,7:00 PM,Dhaanush,,,,,7:00 PM,Dhaanush,10:00 AM,Hema,,,,,7:00 PM,Dhaanush,,,,,7:00 PM,Dhaanush,,,,,,,7:00 PM,Dhaanush,,,,,7:00 PM,Dhaanush,10:00 AM,Hema,,,,,7:00 PM,Dhaanush,,,,
Sanjumithra,MKS00070,5.2,Early Intermediate,G Early Intermediate2,12,,,,7:00 PM,Dhaanush,,,,,7:00 PM,Dhaanush,10:00 AM,Hema,,,,,7:00 PM,Dhaanush,,,,,7:00 PM,Dhaanush,10:00 AM,Hema,,,,,7:00 PM,Dhaanush,,,,,7:00 PM,Dhaanush,,,,,,,7:00 PM,Dhaanush,,,,,7:00 PM,Dhaanush,10:00 AM,Hema,,,,,7:00 PM,Dhaanush,,,,
Shakthivishakan A,MKS00034,5.2,Early Intermediate,G Early Intermediate2,12,,,,7:00 PM,Dhaanush,,,,,7:00 PM,Dhaanush,10:00 AM,Hema,,,,,7:00 PM,Dhaanush,,,,,7:00 PM,Dhaanush,10:00 AM,Hema,,,,,7:00 PM,Dhaanush,,,,,7:00 PM,Dhaanush,,,,,,,7:00 PM,Dhaanush,,,,,7:00 PM,Dhaanush,10:00 AM,Hema,,,,,7:00 PM,Dhaanush,,,,
V.Dharmasastha Individual,MKS00093,5.8,Early Intermediate,I Early Intermediate2,0,,,,,,7:00 PM,Dhaanush,7:00 PM,Dhaanush,,,10:00 AM,Prakash,,,,,,,7:00 PM,Dhaanush,,,,,10:00 AM,Prakash,9:00 AM,Dhaanush,,,,,7:00 PM,Dhaanush,,,,,,,,,,,,,7:00 PM,Dhaanush,,,,,10:00 AM,Prakash,,,,,,,,,,
Diya,MKS00024,5.9,Early Intermediate,G Intermediate1,12,,,,7:00 PM,Saravanan,,,,,7:00 PM,Saravanan,10:00 AM,Prakash,,,,,7:00 PM,Saravanan,6:30 PM,Saravanan,,,7:00 PM,Saravanan,10:00 AM,Prakash,,,,,7:00 PM,Saravanan,,,,,7:00 PM,Saravanan,,,,,,,7:00 PM,Saravanan,,,,,7:00 PM,Saravanan,10:00 AM,Prakash,,,,,7:00 PM,Saravanan,,,,
Mithran P,MKS00083,6.0,Early Intermediate,G Intermediate1,12,,,,7:00 PM,Saravanan,,,,,7:00 PM,Saravanan,10:00 AM,Prakash,,,,,7:00 PM,Saravanan,6:30 PM,Saravanan,,,7:00 PM,Saravanan,10:00 AM,Prakash,,,,,7:00 PM,Saravanan,,,,,7:00 PM,Saravanan,,,,,,,7:00 PM,Saravanan,,,,,7:00 PM,Saravanan,10:00 AM,Prakash,,,,,7:00 PM,Saravanan,,,,
Vedhanth V,MKS00102,6.1,Early Intermediate,G Intermediate1,12,,,,7:00 PM,Saravanan,,,,,7:00 PM,Saravanan,10:00 AM,Prakash,,,,,7:00 PM,Saravanan,6:30 PM,Saravanan,,,7:00 PM,Saravanan,10:00 AM,Prakash,,,,,7:00 PM,Saravanan,,,,,7:00 PM,Saravanan,,,,,,,7:00 PM,Saravanan,,,,,7:00 PM,Saravanan,10:00 AM,Prakash,,,,,7:00 PM,Saravanan,,,,
M.Nishik,MKS00113,6.5,Early Intermediate,G Intermediate1,12,,,,7:00 PM,Saravanan,,,,,7:00 PM,Saravanan,10:00 AM,Prakash,,,,,7:00 PM,Saravanan,6:30 PM,Saravanan,,,7:00 PM,Saravanan,10:00 AM,Prakash,2:00 PM,Arshath,,,7:00 PM,Saravanan,,,,,7:00 PM,Saravanan,,,,,,,7:00 PM,Saravanan,,,,,7:00 PM,Saravanan,10:00 AM,Prakash,,,,,7:00 PM,Saravanan,,,,
Ineya Individual,MKS00050,7.3,Early Intermediate,I Intermediate,4,,,,,,,,,,7:00 PM,Prakash,,,,,,,,,,,,,7:00 PM,Prakash,,,2:00 PM,Prakash,,,,,,,,,7:00 PM,Prakash,,,,,,,,,,,,,7:00 PM,Prakash,,,,,,,,,,,,
K. Sudhir ,MKS00228,3.0,Early Intermediate,G Early Intermediate1,9,,,,,,,,,,,,,,,,,,,,,,8:00 PM,Dhaanush,,,10:00 AM,Abinaya,8:00 PM,Dhaanush,,,,,,,8:00 PM,Dhaanush,,,10:00 AM,Dhaanush,8:00 PM,Dhaanush,,,,,,,8:00 PM,Dhaanush,,,10:00 AM,Abinaya,8:00 PM,Dhaanush,,,,,,,,
Vivaan Aaditya Extra,MKS00053,8.0,Early Intermediate,L Intermediate2,1,1,,,,,,,,,,,,,,,8:00 PM,Dhaanush,,,,,,,,,,,,,,,,,,,,,,,,,,,,,,,,,,,,,,,,,,,,,,,,
S R Sabeshwar,MKS00223,5.0,Beginner,G Early Intermediate1,12,,,,,,,,,,7:00 PM,Dhaanush,,,,,,,,,,,8:00 PM,Dhaanush,,,10:00 AM,Manikandan,,,,,7:00 PM,Dhaanush,,,8:00 PM,Dhaanush,7:00 PM,Dhaanush,,,,,8:00 PM,Dhaanush,7:00 PM,Dhaanush,,,,,7:00 PM,Dhaanush,10:00 AM,Manikandan,,,8:00 PM,Dhaanush,7:00 PM,Dhaanush,,,,
M Sai Saravanan,MKS00209,0.2,Basic,I Basic1,4,,,,,,,,,,,,12:00 PM,Bathri,,,,,,,,,,,,,,,,,,,,,,,12:00 PM,Bathri,,,,,,,,,,,,,12:00 PM,Bathri,,,,,,,,,,,,,,
Visagan Palaniappan.M,MKS00191,0.7,Beginner,I Basic2,5,,,,,,,,,,,,9:00 AM,Abinaya,,,,,,,,,,,,,,,,,,,,,,,9:00 AM,Abinaya,,,,,,,,,,,,,9:00 AM,Abinaya,,,,,,,,,,,,,,
Jasra J,MKS00177,0.8,Basic,I Basic1,2,0,,,,,,,,,,,9:00 AM,Bathri,,,,,,,,,,,,,,,,,,,,,,,9:00 AM,Bathri,,,,,,,,,,,,,9:00 AM,Bathri,,,,,,,,,,,,,,
Viraline A,MKS00159,2.3,Beginner,G beginner1C,13,,,,,,8:00 PM,Bathri,,,8:00 PM,Bathri,11:00 AM,Abinaya,,,8:00 PM,Bathri,,,8:00 PM,Bathri,,,,,7:00 PM,Prakash,,,8:00 PM,Bathri,,,8:00 PM,Bathri,11:00 AM,,,,,,,,8:00 PM,Bathri,,,8:00 PM,Bathri,11:00 AM,,,,7:00 PM,Prakash,,,8:00 PM,Bathri,,,,,,
Nishwanth R,MKS00171,2.4,Beginner,G beginner1,12,,,,,,8:00 PM,Bathri,,,8:00 PM,Bathri,11:00 AM,Guru,,,8:00 PM,Bathri,,,8:00 PM,Bathri,,,,,7:00 PM,Prakash,,,8:00 PM,Bathri,,,8:00 PM,Bathri,,,,,,,,,8:00 PM,Bathri,,,8:00 PM,Bathri,,,,,7:00 PM,Prakash,,,8:00 PM,Bathri,,,,,,
Vishvin.B,MKS00130,3.0,Beginner,G Beginner1A,0,,,,8:00 PM,bathri,,,,,8:00 PM,Guru,11:00 AM,Hema,8:00 PM,Prakash,,,,,,,,,,,,,,,,,,,8:00 PM,Guru,11:00 AM,Hema,,,,,,,,,,,8:00 PM,Guru,11:00 AM,Bathri,,,,,8:00 PM,Prakash,,,,,,,,
R.Kavya prithiyangara,MKS00188,3.8,Beginner,G Beginner1A,12,,,,8:00 PM,bathri,,,,,8:00 PM,Guru,10:00 AM,Abinaya,8:00 PM,Guru,,,,,,,,,,,,,,,,,,,8:00 PM,Guru,10:00 AM,Abinaya,,,,,,,,,,,8:00 PM,Guru,,,,,,,8:00 PM,Prakash,,,,,,,,
KH Amrith,MKS00169,4.2,Beginner,G Beginner2,12,,,,,,,,6:00 PM,Guru,,,             ,Abinaya,,,,,,,,,,,6:00 PM,Prakash,,,,,,,6:00 PM,Guru,,,10:00 AM,Abinaya,6:00 PM,Prakash,,,,,,,6:00 PM,Guru,,,10:00 AM,Abinaya,6:00 PM,Prakash,,,,,,,6:00 PM,Guru,,,,
Isha,MKS00069,4.6,Beginner,L Beginner2,12,,,,,,7:00 PM,Bathri,,,,,1:30 PM,prakash,,,7:00 PM,Prakash,7:00 PM,Abinaya,,,,,7:00 PM,Dhaanush,,,,,7:00 PM,Prakash,7:00 PM,Prakash,,,1:30 PM,Hema,,,,,,,7:00 PM,Prakash,,,,,,,7:00 PM,Dhaanush,,,,,7:00 PM,Prakash,,,,,,
Prakash Trainer,na,na,na,na,0,,,,,,,,,,5:00 PM,Arshath,9:00 AM,Arshath,,,,,,,,,,,,,9:00 AM,Arshath,4:00 PM,Arshath,,,,,,,9:00 AM,Arshath,,,,,,,,,,,5:00 PM,Arshath,9:00 AM,Arshath,,,9:00 AM,Arshath,,,,,,,,,,
Abinaya Trainer,na,na,na,na,0,,,,,,,,,,,,,,,,,,,,,,,,,,,,,,,,,,,,9:00 AM,Arshath,,,,,,,,,,,,,9:00 AM,Arshath,,,,,,,,,,,,,,
Bathrinath K Trainer,na,na,na,na,0,,,,,,,,,,,,,,,,,,,,,,,,,,,,,,,,,,,,,,,,,,,,,,,,,,9:00 AM,Arshath,,,,,,,,,,,,,,
Dhaanush Trainer,na,na,na,na,0,,,,,,,,,,,,,,,,,,,,,,,,,,,,,,,,,,,,9:00 AM,Arshath,,,,,,,,,,,,,,,,,,,,,,,,,,,,
Guru Trainer,na,na,na,na,0,,,,,,,,,,,,,,,,,,,,,,,,,,,,,,,,,,,,,,,,,,,,,,,,,,,,,,,,,,,,,,,,,
P.K.Magindhan,MKS00205,na,Beginner,G Beginner1A,0,,,,6:00 PM,Dhaanush,,,,,8:00 PM,Guru,11:00 AM,Prakash,6:00 PM,Dhaanush,,,6:00 PM,Guru,,,,,,,,,8:00 PM,Bathri,,,,,8:00 PM,Guru,11:00 AM,Hema,7:00 PM,Dhaanush,,,,,8:00 PM,Bathri,,,8:00 PM,Guru,11:00 AM,Bathri,,,6:00 PM,Prakash,8:00 PM,Prakash,,,,,,,,
AATHISH S,MKS00229,3.0,Beginner,G Beginner1,1,,,,,,,,,,,,,,,,,,7:00 AM,Bathri,,,,,,,,,,,,,,,,,,,,,,,,,,,,,,,,,,,,,,,,,,,,,,
Aathish S Extra,MKS00229,3.0,Beginner,I Beginner1,1,,,,,,,,,,,,,,,,,,7:30 PM,Bathri,,,,,,,,,,,,,,,,,,,,,,,,,,,,,,,,,,,,,,,,,,,,,,
